2025-09-10 17:00:37,search_fail,unknown_person,0,no_users_in_db
2025-09-10 17:01:03,enroll,nik,1,encodings=1
2025-09-10 17:01:32,search,nik,1,dist=0.426
2025-09-10 17:02:01,search,nik,1,dist=0.344
2025-09-10 17:02:45,search,nik,1,dist=0.322
2025-09-10 17:04:28,search,nik,1,dist=0.560
2025-09-10 17:05:13,search,nik,1,dist=0.539
2025-09-10 17:05:57,search_fail,unknown_person,0,best=nik, dist=0.838
2025-09-10 17:06:17,enroll,mar,1,encodings=1
2025-09-10 17:06:28,search,mar,1,dist=0.153
2025-09-10 17:06:38,search,mar,1,dist=0.566
2025-09-10 17:07:09,search,mar,1,dist=0.554
2025-09-10 17:07:18,search,nik,1,dist=0.554
